Zeros,Poles
(0.20384664685220422-0.5144450998675394j),(0.009716420487094979+0.37855394141196297j)
1.1111111111111112,(-0.5625652020273657+0.3750500741308036j)
